repo_full_name,period,category,unique_commit_count,data_status
marisa901225-cmyk/personal-portfolio,pre,skill,0,observed
marisa901225-cmyk/personal-portfolio,pre,production,155,observed
marisa901225-cmyk/personal-portfolio,pre,test,141,observed
marisa901225-cmyk/personal-portfolio,pre,other,125,observed
marisa901225-cmyk/personal-portfolio,post,skill,0,observed
marisa901225-cmyk/personal-portfolio,post,production,47,observed
marisa901225-cmyk/personal-portfolio,post,test,54,observed
marisa901225-cmyk/personal-portfolio,post,other,35,observed
surus-lat/benchy,pre,skill,0,observed
surus-lat/benchy,pre,production,9,observed
surus-lat/benchy,pre,test,8,observed
surus-lat/benchy,pre,other,8,observed
surus-lat/benchy,post,skill,15,observed
surus-lat/benchy,post,production,18,observed
surus-lat/benchy,post,test,16,observed
surus-lat/benchy,post,other,36,observed
tylertjburns/coopstorage,pre,skill,1,observed
tylertjburns/coopstorage,pre,production,84,observed
tylertjburns/coopstorage,pre,test,30,observed
tylertjburns/coopstorage,pre,other,44,observed
tylertjburns/coopstorage,post,skill,0,observed
tylertjburns/coopstorage,post,production,11,observed
tylertjburns/coopstorage,post,test,5,observed
tylertjburns/coopstorage,post,other,8,observed
LyonMoncef/SamsungHealth,pre,skill,0,observed
LyonMoncef/SamsungHealth,pre,production,1,observed
LyonMoncef/SamsungHealth,pre,test,2,observed
LyonMoncef/SamsungHealth,pre,other,2,observed
LyonMoncef/SamsungHealth,post,skill,2,observed
LyonMoncef/SamsungHealth,post,production,11,observed
LyonMoncef/SamsungHealth,post,test,8,observed
LyonMoncef/SamsungHealth,post,other,52,observed
speechpro/inex-launcher,pre,skill,0,observed
speechpro/inex-launcher,pre,production,0,observed
speechpro/inex-launcher,pre,test,0,observed
speechpro/inex-launcher,pre,other,0,observed
speechpro/inex-launcher,post,skill,4,observed
speechpro/inex-launcher,post,production,3,observed
speechpro/inex-launcher,post,test,3,observed
speechpro/inex-launcher,post,other,8,observed
Harmeet10000/AgentNexus-LangChain-FastAPI,pre,skill,0,observed
Harmeet10000/AgentNexus-LangChain-FastAPI,pre,production,7,observed
Harmeet10000/AgentNexus-LangChain-FastAPI,pre,test,0,observed
Harmeet10000/AgentNexus-LangChain-FastAPI,pre,other,6,observed
Harmeet10000/AgentNexus-LangChain-FastAPI,post,skill,6,observed
Harmeet10000/AgentNexus-LangChain-FastAPI,post,production,36,observed
Harmeet10000/AgentNexus-LangChain-FastAPI,post,test,2,observed
Harmeet10000/AgentNexus-LangChain-FastAPI,post,other,39,observed
hanzoai/insights,pre,skill,0,observed
hanzoai/insights,pre,production,0,observed
hanzoai/insights,pre,test,0,observed
hanzoai/insights,pre,other,0,observed
hanzoai/insights,post,skill,14,observed
hanzoai/insights,post,production,211,observed
hanzoai/insights,post,test,97,observed
hanzoai/insights,post,other,448,observed
stharrold/stharrold-templates,pre,skill,1,observed
stharrold/stharrold-templates,pre,production,7,observed
stharrold/stharrold-templates,pre,test,3,observed
stharrold/stharrold-templates,pre,other,18,observed
stharrold/stharrold-templates,post,skill,10,observed
stharrold/stharrold-templates,post,production,49,observed
stharrold/stharrold-templates,post,test,41,observed
stharrold/stharrold-templates,post,other,174,observed
pinchbench/skill,pre,skill,1,observed
pinchbench/skill,pre,production,57,observed
pinchbench/skill,pre,test,8,observed
pinchbench/skill,pre,other,103,observed
pinchbench/skill,post,skill,0,observed
pinchbench/skill,post,production,0,observed
pinchbench/skill,post,test,0,observed
pinchbench/skill,post,other,0,observed
perrymanuk/radbot,pre,skill,0,observed
perrymanuk/radbot,pre,production,55,observed
perrymanuk/radbot,pre,test,15,observed
perrymanuk/radbot,pre,other,68,observed
perrymanuk/radbot,post,skill,14,observed
perrymanuk/radbot,post,production,150,observed
perrymanuk/radbot,post,test,50,observed
perrymanuk/radbot,post,other,171,observed
