repo_full_name,skill_commits,production_commits,test_commits,largest_count,largest_categories,tie
marisa901225-cmyk/personal-portfolio,0,47,54,54,test,false
surus-lat/benchy,15,18,16,18,production,false
tylertjburns/coopstorage,0,11,5,11,production,false
LyonMoncef/SamsungHealth,2,11,8,11,production,false
speechpro/inex-launcher,4,3,3,4,skill,false
Harmeet10000/AgentNexus-LangChain-FastAPI,6,36,2,36,production,false
hanzoai/insights,14,211,97,211,production,false
stharrold/stharrold-templates,10,49,41,49,production,false
pinchbench/skill,0,0,0,0,skill;production;test,true
perrymanuk/radbot,14,150,50,150,production,false
