repo_full_name,production_pre,production_post,production_difference,test_pre,test_post,test_difference
marisa901225-cmyk/personal-portfolio,155,47,-108,141,54,-87
surus-lat/benchy,9,18,9,8,16,8
tylertjburns/coopstorage,84,11,-73,30,5,-25
LyonMoncef/SamsungHealth,1,11,10,2,8,6
speechpro/inex-launcher,0,3,3,0,3,3
Harmeet10000/AgentNexus-LangChain-FastAPI,7,36,29,0,2,2
hanzoai/insights,0,211,211,0,97,97
stharrold/stharrold-templates,7,49,42,3,41,38
pinchbench/skill,57,0,-57,8,0,-8
perrymanuk/radbot,55,150,95,15,50,35
